<?xml version="1.0" encoding="UTF-8"?>
<addon id="plugin.video.kinopoiskplus" version="1.16" name="КиноПоиск+" provider-name="Stas Blagodatny">
<requires>
  <import addon="xbmc.python" version="2.7.10"/>
  <import addon="script.module.requests"/>
  <import addon="script.module.beautifulsoup4"/>
</requires>
<extension point="xbmc.python.pluginsource" library="main.py">
  <provides>video</provides>
</extension>
<extension point="xbmc.addon.metadata">
  <summary lang="en">КиноПоиск+</summary>
  <description lang="en">КиноПоиск+</description>
</extension>
</addon>
