<?xml version="1.0" encoding="UTF-8" standalone="yes"?>
<addon id="service.urlresolver" name="URL Resolver" version="1.0" provider-name="Stas Blagodatny">
    <requires>
        <import addon="xbmc.python" version="2.7.10"/>
		<import addon="script.module.requests"/>
		<import addon="script.module.beautifulsoup4"/>
    </requires>
    <extension point="xbmc.service" library="service.py" />
    <extension point="xbmc.addon.metadata">
        <summary lang="en">URL Resolver</summary>
		<description lang="en">URL Resolver</description>
    </extension>
</addon>
